{
  "emulators": {
    "dataconnect": {
      "dataDir": "dataconnect/.dataconnect/pgliteData"
    }
  },
  "dataconnect": {
    "source": "dataconnect"
  },
  "firestore": {
    "database": "(default)",
    "location": "nam5",
    "rules": "(firestore.rules)",
    "indexes": "(firestore.indexes.json)"
  },
  "functions": [
    {
      "source": "functions",
      "codebase": "default",
      "ignore": [
        "node_modules",
        ".git",
        "firebase-debug.log",
        "firebase-debug.*.log",
        "*.local"
      ],
      "predeploy": [
        "npm --prefix \"$RESOURCE_DIR\" run lint"
      ]
    }
  ],
  "storage": {
    "rules": "(storage.rules)"
  }
}
